Timestamp,Temp,Humid,Radn,Wind_degree,Wind,Rainfall,Battery
2026-08-01 00:00:00,29,77.33,0,160,0.015,0,13.04
2026-08-01 00:01:00,28.97,77.42,0,156,0.24,0,13.01
2026-08-01 00:02:00,28.99,77.43,0,156,0,0,13.04
2026-08-01 00:03:00,28.97,77.39,0,161,0.105,0,13.04
2026-08-01 00:04:00,28.96,77.37,0,161,0,0,13.04
2026-08-01 00:05:00,28.95,77.39,0,161,0.015,0,13.04
2026-08-01 00:06:00,28.95,77.32,0,161,0.09,0,13.04
2026-08-01 00:07:00,28.92,77.33,0,161,0,0,13.04
2026-08-01 00:08:00,28.92,77.4,0,161,0,0,13.01
2026-08-01 00:09:00,28.87,77.44,0,161,0,0,13.04
2026-08-01 00:10:00,28.86,77.63,0,161,0,0,13.04
2026-08-01 00:11:00,28.86,77.59,0,161,0.075,0,13.01
2026-08-01 00:12:00,28.82,77.75,0,161,0,0,13.01
2026-08-01 00:13:00,28.82,77.78,0,161,0,0,12.97
2026-08-01 00:14:00,28.75,77.74,0,161,0.015,0,13.04
2026-08-01 00:15:00,28.76,78.04,0,161,0,0,13.04
2026-08-01 00:16:00,28.72,78.12,0,161,0,0,13.01
2026-08-01 00:17:00,28.69,78.43,0,161,0,0,13.01
2026-08-01 00:18:00,28.65,78.61,0,161,0.015,0,13.01
2026-08-01 00:19:00,28.61,78.71,0,161,0,0,13.01
2026-08-01 00:20:00,28.55,78.82,0,161,0,0,12.97
2026-08-01 00:21:00,28.48,78.87,0,161,0.045,0,13.01
2026-08-01 00:22:00,28.44,79.08,0,161,0.075,0,12.97
2026-08-01 00:23:00,28.38,79.28,0,161,0,0,12.97
2026-08-01 00:24:00,28.31,79.35,0,161,0,0,12.97
2026-08-01 00:25:00,28.32,79.47,0,161,0,0,12.97
2026-08-01 00:26:00,28.25,79.55,0,161,0,0,12.97
2026-08-01 00:27:00,28.24,79.69,0,161,0,0,12.97
2026-08-01 00:28:00,28.23,79.76,0,161,0,0,12.97
2026-08-01 00:29:00,28.21,79.81,0,161,0.03,0,13.01
2026-08-01 00:30:00,28.18,79.87,0,161,0.12,0,12.97
2026-08-01 00:31:00,28.18,79.96,0,161,0.09,0,12.97
2026-08-01 00:32:00,28.18,80.01,0,161,0.06,0,13.01
2026-08-01 00:33:00,28.17,79.98,0,161,0.015,0,12.97
2026-08-01 00:34:00,28.17,80.03,0,161,0,0,12.97
2026-08-01 00:35:00,28.17,80.07,0,161,0,0,12.97
2026-08-01 00:36:00,28.17,80.01,0,161,0,0,12.97
2026-08-01 00:37:00,28.18,80.04,0,161,0.015,0,12.97
2026-08-01 00:38:00,28.18,80.05,0,161,0.015,0,12.97
2026-08-01 00:39:00,28.21,80.06,0,161,0,0,12.97
2026-08-01 00:40:00,28.2,80.05,0,161,0.015,0,12.97
2026-08-01 00:41:00,28.23,80.09,0,161,0.045,0,12.97
2026-08-01 00:42:00,28.23,80.08,0,161,0.135,0,12.97
2026-08-01 00:43:00,28.23,80.09,0,161,0.03,0,12.97
2026-08-01 00:44:00,28.2,80.14,0,161,0,0,12.97
2026-08-01 00:45:00,28.2,80.19,0,161,0,0,12.97
2026-08-01 00:46:00,28.17,80.23,0,161,0.015,0,12.97
2026-08-01 00:47:00,28.15,80.26,0,161,0.045,0,12.97
2026-08-01 00:48:00,28.18,80.28,0,161,0.015,0,12.97
2026-08-01 00:49:00,28.13,80.2,0,161,0.03,0,12.97
2026-08-01 00:50:00,28.13,80.16,0,161,0.06,0,12.97
2026-08-01 00:51:00,28.15,80.23,0,161,0.03,0,12.97
2026-08-01 00:52:00,28.11,80.17,0,161,0.045,0,12.97
2026-08-01 00:53:00,28.13,80.24,0,161,0.015,0,12.97
2026-08-01 00:54:00,28.08,80.21,0,161,0.075,0,12.97
2026-08-01 00:55:00,28.07,80.3,0,161,0.12,0,12.97
2026-08-01 00:56:00,28.04,80.35,0,161,0.075,0,12.97
2026-08-01 00:57:00,28.01,80.41,0,161,0.24,0,12.97
2026-08-01 00:58:00,28.01,80.5,0,161,0.195,0,12.97
2026-08-01 00:59:00,28,80.51,0,161,0.075,0,12.97
2026-08-01 01:00:00,27.98,80.55,0,161,0.09,0,12.97
2026-08-01 01:01:00,27.98,80.57,0,161,0.045,0,12.93
2026-08-01 01:02:00,27.97,80.55,0,161,0,0,12.97
2026-08-01 01:03:00,27.98,80.56,0,161,0,0,12.93
2026-08-01 01:04:00,27.98,80.54,0,161,0.015,0,12.93
2026-08-01 01:05:00,27.97,80.56,0,161,0.045,0,12.93
2026-08-01 01:06:00,27.97,80.54,0,161,0.03,0,12.97
2026-08-01 01:07:00,27.96,80.58,0,161,0.03,0,12.93
2026-08-01 01:08:00,27.96,80.54,0,161,0,0,12.93
2026-08-01 01:09:00,27.97,80.59,0,161,0.06,0,12.93
2026-08-01 01:10:00,27.96,80.6,0,161,0.09,0,12.97
2026-08-01 01:11:00,27.93,80.61,0,161,0,0,12.93
2026-08-01 01:12:00,27.9,80.59,0,161,0.075,0,12.93
2026-08-01 01:13:00,27.88,80.7,0,161,0.15,0,12.93
2026-08-01 01:14:00,27.88,80.74,0,51,0.24,0,12.93
2026-08-01 01:15:00,27.84,80.79,0,51,0.255,0,12.93
2026-08-01 01:16:00,27.83,80.78,0,295,0.255,0,12.93
2026-08-01 01:17:00,27.83,80.81,0,30,0.195,0,12.93
2026-08-01 01:18:00,27.8,80.79,0,30,0.015,0,12.93
2026-08-01 01:19:00,27.83,80.83,0,30,0.045,0,12.93
2026-08-01 01:20:00,27.8,80.84,0,69,0.21,0,12.93
2026-08-01 01:21:00,27.79,80.88,0,242,0.36,0,12.93
2026-08-01 01:22:00,27.8,80.94,0,195,0.18,0,12.93
2026-08-01 01:23:00,27.79,80.95,0,195,0.045,0,12.93
2026-08-01 01:24:00,27.77,80.95,0,195,0.015,0,12.93
2026-08-01 01:25:00,27.79,80.97,0,195,0.015,0,12.93
2026-08-01 01:26:00,27.79,80.96,0,195,0.06,0,12.93
2026-08-01 01:27:00,27.8,80.99,0,195,0,0,12.93
2026-08-01 01:28:00,27.79,80.97,0,195,0,0,12.93
2026-08-01 01:29:00,27.77,81,0,195,0,0,12.93
2026-08-01 01:30:00,27.79,81.03,0,195,0.06,0,12.93
2026-08-01 01:31:00,27.76,81.06,0,195,0,0,12.93
2026-08-01 01:32:00,27.77,81.07,0,195,0,0,12.93
2026-08-01 01:33:00,27.76,81,0,195,0.045,0,12.93
2026-08-01 01:34:00,27.76,81.03,0,195,0,0,12.93
2026-08-01 01:35:00,27.77,81.08,0,195,0,0,12.93
2026-08-01 01:36:00,27.76,81.05,0,195,0,0,12.93
2026-08-01 01:37:00,27.76,81,0,195,0,0,12.93
2026-08-01 01:38:00,27.76,80.96,0,195,0,0,12.93
2026-08-01 01:39:00,27.73,80.98,0,195,0,0,12.93
2026-08-01 01:40:00,27.73,80.92,0,195,0,0,12.93
2026-08-01 01:41:00,27.74,80.88,0,195,0,0,12.93
2026-08-01 01:42:00,27.76,80.86,0,195,0.015,0,12.93
2026-08-01 01:43:00,27.73,80.89,0,195,0.03,0,12.93
2026-08-01 01:44:00,27.73,80.83,0,195,0.015,0,12.93
2026-08-01 01:45:00,27.74,80.87,0,195,0,0,12.93
2026-08-01 01:46:00,27.74,80.92,0,195,0,0,12.93
2026-08-01 01:47:00,27.74,80.96,0,195,0,0,12.93
2026-08-01 01:48:00,27.72,80.95,0,195,0,0,12.93
2026-08-01 01:49:00,27.72,80.95,0,195,0.03,0,12.93
2026-08-01 01:50:00,27.7,80.99,0,195,0,0,12.93
2026-08-01 01:51:00,27.67,80.94,0,195,0,0,12.93
2026-08-01 01:52:00,27.7,80.97,0,195,0.045,0,12.93
2026-08-01 01:53:00,27.7,81.02,0,195,0.015,0,12.93
2026-08-01 01:54:00,27.67,81.1,0,195,0.105,0,12.93
2026-08-01 01:55:00,27.66,81.15,0,195,0.06,0,12.93
2026-08-01 01:56:00,27.65,81.17,0,195,0.015,0,12.93
2026-08-01 01:57:00,27.63,81.2,0,196,0.105,0,12.93
2026-08-01 01:58:00,27.6,81.19,0,196,0.045,0,12.93
2026-08-01 01:59:00,27.6,81.24,0,196,0.015,0,12.93
2026-08-01 02:00:00,27.6,81.28,0,196,0,0,12.93
2026-08-01 02:01:00,27.62,81.28,0,196,0,0,12.93
2026-08-01 02:02:00,27.54,81.25,0,196,0,0,12.93
2026-08-01 02:03:00,27.54,81.26,0,196,0,0,12.93
2026-08-01 02:04:00,27.56,81.28,0,196,0,0,12.93
2026-08-01 02:05:00,27.52,81.33,0,196,0,0,12.93
2026-08-01 02:06:00,27.52,81.33,0,196,0.015,0,12.93
2026-08-01 02:07:00,27.49,81.35,0,188,0.105,0,12.93
2026-08-01 02:08:00,27.47,81.34,0,188,0.015,0,12.93
2026-08-01 02:09:00,27.5,81.4,0,188,0,0,12.93
2026-08-01 02:10:00,27.49,81.45,0,188,0.015,0,12.93
2026-08-01 02:11:00,27.45,81.44,0,188,0.015,0,12.93
2026-08-01 02:12:00,27.46,81.42,0,188,0.03,0,12.93
2026-08-01 02:13:00,27.43,81.45,0,188,0.045,0,12.93
2026-08-01 02:14:00,27.43,81.46,0,188,0.015,0,12.93
2026-08-01 02:15:00,27.43,81.41,0,188,0.165,0,12.93
2026-08-01 02:16:00,27.37,81.47,0,188,0.135,0,12.93
2026-08-01 02:17:00,27.39,81.48,0,188,0,0,12.93
2026-08-01 02:18:00,27.37,81.45,0,188,0.18,0,12.93
2026-08-01 02:19:00,27.35,81.5,0,188,0.12,0,12.93
2026-08-01 02:20:00,27.35,81.55,0,188,0,0,12.93
2026-08-01 02:21:00,27.37,81.55,0,188,0.075,0,12.93
2026-08-01 02:22:00,27.37,81.56,0,188,0.075,0,12.93
2026-08-01 02:23:00,27.32,81.62,0,188,0,0,12.93
2026-08-01 02:24:00,27.32,81.61,0,188,0.03,0,12.93
2026-08-01 02:25:00,27.3,81.63,0,188,0.15,0,12.93
2026-08-01 02:26:00,27.29,81.63,0,188,0.105,0,12.93
2026-08-01 02:27:00,27.32,81.7,0,188,0,0,12.93
2026-08-01 02:28:00,27.3,81.71,0,188,0,0,12.93
2026-08-01 02:29:00,27.29,81.72,0,188,0.12,0,12.93
2026-08-01 02:30:00,27.29,81.75,0,188,0.075,0,12.93
2026-08-01 02:31:00,27.29,81.82,0,188,0.06,0,12.93
2026-08-01 02:32:00,27.3,81.84,0,188,0.015,0,12.93
2026-08-01 02:33:00,27.3,81.83,0,188,0.09,0,12.93
2026-08-01 02:34:00,27.28,81.83,0,188,0.015,0,12.93
2026-08-01 02:35:00,27.32,81.84,0,188,0,0,12.93
2026-08-01 02:36:00,27.3,81.85,0,188,0,0,12.93
2026-08-01 02:37:00,27.29,81.83,0,188,0,0,12.93
2026-08-01 02:38:00,27.3,81.84,0,188,0.015,0,12.93
2026-08-01 02:39:00,27.3,81.8,0,188,0,0,12.93
2026-08-01 02:40:00,27.3,81.83,0,188,0,0,12.93
2026-08-01 02:41:00,27.32,81.82,0,188,0,0,12.93
2026-08-01 02:42:00,27.29,81.85,0,188,0,0,12.93
2026-08-01 02:43:00,27.28,81.89,0,188,0,0,12.93
2026-08-01 02:44:00,27.28,81.91,0,188,0,0,12.93
2026-08-01 02:45:00,27.26,81.9,0,188,0,0,12.93
2026-08-01 02:46:00,27.25,81.92,0,188,0,0,12.93
2026-08-01 02:47:00,27.25,81.93,0,188,0,0,12.93
2026-08-01 02:48:00,27.24,81.96,0,188,0,0,12.93
2026-08-01 02:49:00,27.19,82.03,0,188,0.015,0,12.93
2026-08-01 02:50:00,27.21,82,0,188,0,0,12.93
2026-08-01 02:51:00,27.16,82,0,188,0.09,0,12.93
2026-08-01 02:52:00,27.14,82.01,0,188,0.075,0,12.93
2026-08-01 02:53:00,27.08,82.14,0,188,0,0,12.93
2026-08-01 02:54:00,27.06,82.29,0,188,0,0,12.93
2026-08-01 02:55:00,27.01,82.31,0,188,0.03,0,12.93
2026-08-01 02:56:00,26.96,82.47,0,188,0.015,0,12.93
2026-08-01 02:57:00,26.95,82.64,0,188,0,0,12.89
2026-08-01 02:58:00,26.91,82.68,0,188,0,0,12.93
2026-08-01 02:59:00,26.91,82.73,0,188,0,0,12.93
2026-08-01 03:00:00,26.91,82.76,0,188,0,0,12.93
2026-08-01 03:01:00,26.89,82.78,0,188,0.15,0,12.89
2026-08-01 03:02:00,26.89,82.83,0,188,0.03,0,12.89
2026-08-01 03:03:00,26.87,82.91,0,188,0,0,12.93
2026-08-01 03:04:00,26.88,82.9,0,188,0,0,12.93
2026-08-01 03:05:00,26.88,82.9,0,188,0.015,0,12.93
2026-08-01 03:06:00,26.88,82.92,0,188,0.03,0,12.93
2026-08-01 03:07:00,26.91,82.95,0,188,0,0,12.89
2026-08-01 03:08:00,26.91,82.89,0,188,0,0,12.89
2026-08-01 03:09:00,26.89,82.89,0,188,0,0,12.89
2026-08-01 03:10:00,26.91,82.86,0,188,0.03,0,12.89
2026-08-01 03:11:00,26.89,82.84,0,188,0.015,0,12.89
2026-08-01 03:12:00,26.92,82.79,0,195,0,0,12.89
2026-08-01 03:13:00,26.91,82.77,0,195,0,0,12.93
2026-08-01 03:14:00,26.94,82.76,0,195,0.015,0,12.89
2026-08-01 03:15:00,26.92,82.77,0,195,0,0,12.89
2026-08-01 03:16:00,26.91,82.73,0,195,0,0,12.89
2026-08-01 03:17:00,26.94,82.68,0,195,0.015,0,12.93
2026-08-01 03:18:00,26.92,82.69,0,195,0.015,0,12.89
2026-08-01 03:19:00,26.91,82.63,0,195,0.03,0,12.89
2026-08-01 03:20:00,26.88,82.68,0,195,0.03,0,12.93
2026-08-01 03:21:00,26.85,82.72,0,195,0.015,0,12.89
2026-08-01 03:22:00,26.85,82.75,0,195,0.045,0,12.89
2026-08-01 03:23:00,26.81,82.8,0,195,0.015,0,12.89
2026-08-01 03:24:00,26.81,82.81,0,195,0,0,12.89
2026-08-01 03:25:00,26.81,82.82,0,195,0,0,12.89
2026-08-01 03:26:00,26.81,82.87,0,195,0,0,12.89
2026-08-01 03:27:00,26.81,82.89,0,195,0,0,12.89
2026-08-01 03:28:00,26.77,82.91,0,195,0.06,0,12.89
2026-08-01 03:29:00,26.79,82.97,0,195,0,0,12.89
2026-08-01 03:30:00,26.81,82.97,0,195,0,0,12.89
2026-08-01 03:31:00,26.81,82.93,0,195,0,0,12.89
2026-08-01 03:32:00,26.82,82.94,0,195,0,0,12.89
2026-08-01 03:33:00,26.82,82.94,0,195,0.015,0,12.89
2026-08-01 03:34:00,26.79,82.9,0,195,0.03,0,12.89
2026-08-01 03:35:00,26.81,82.96,0,195,0.075,0,12.89
2026-08-01 03:36:00,26.82,83,0,195,0.045,0,12.89
2026-08-01 03:37:00,26.78,82.97,0,195,0.06,0,12.89
2026-08-01 03:38:00,26.81,82.98,0,195,0.015,0,12.89
2026-08-01 03:39:00,26.81,83.02,0,195,0.015,0,12.89
2026-08-01 03:40:00,26.79,83.02,0,195,0,0,12.89
2026-08-01 03:41:00,26.81,82.98,0,195,0.045,0,12.89
2026-08-01 03:42:00,26.79,82.97,0,195,0.03,0,12.89
2026-08-01 03:43:00,26.75,82.98,0,195,0.015,0,12.89
2026-08-01 03:44:00,26.75,83.04,0,195,0.075,0,12.89
2026-08-01 03:45:00,26.74,83.1,0,195,0,0,12.89
2026-08-01 03:46:00,26.74,83.16,0,195,0,0,12.89
2026-08-01 03:47:00,26.73,83.12,0,195,0.03,0,12.89
2026-08-01 03:48:00,26.7,83.18,0,195,0.015,0,12.89
2026-08-01 03:49:00,26.7,83.23,0,195,0.015,0,12.89
2026-08-01 03:50:00,26.7,83.25,0,195,0.015,0,12.89
2026-08-01 03:51:00,26.7,83.31,0,195,0.015,0,12.89
2026-08-01 03:52:00,26.7,83.31,0,84,0.015,0,12.89
2026-08-01 03:53:00,26.71,83.36,0,66,0.15,0,12.89
2026-08-01 03:54:00,26.7,83.32,0,66,0,0,12.89
2026-08-01 03:55:00,26.7,83.28,0,66,0.015,0,12.89
2026-08-01 03:56:00,26.7,83.29,0,66,0.015,0,12.89
2026-08-01 03:57:00,26.68,83.28,0,66,0.015,0,12.89
2026-08-01 03:58:00,26.68,83.26,0,66,0,0,12.89
2026-08-01 03:59:00,26.7,83.29,0,66,0.075,0,12.89
2026-08-01 04:00:00,26.65,83.31,0,66,0.015,0,12.89
2026-08-01 04:01:00,26.63,83.33,0,66,0.045,0,12.89
2026-08-01 04:02:00,26.6,83.42,0,84,0.105,0,12.89
2026-08-01 04:03:00,26.6,83.47,0,84,0.045,0,12.89
2026-08-01 04:04:00,26.58,83.49,0,84,0.105,0,12.89
2026-08-01 04:05:00,26.55,83.59,0,84,0.12,0,12.89
2026-08-01 04:06:00,26.57,83.6,0,84,0.075,0,12.89
2026-08-01 04:07:00,26.55,83.61,0,84,0.03,0,12.89
2026-08-01 04:08:00,26.55,83.63,0,94,0.105,0,12.89
2026-08-01 04:09:00,26.55,83.63,0,94,0.075,0,12.89
2026-08-01 04:10:00,26.54,83.65,0,94,0.09,0,12.89
2026-08-01 04:11:00,26.54,83.64,0,106,0.15,0,12.89
2026-08-01 04:12:00,26.52,83.7,0,106,0.045,0,12.89
2026-08-01 04:13:00,26.5,83.69,0,106,0,0,12.89
2026-08-01 04:14:00,26.48,83.72,0,89,0.09,0,12.89
2026-08-01 04:15:00,26.47,83.69,0,89,0.015,0,12.89
2026-08-01 04:16:00,26.46,83.77,0,89,0.12,0,12.89
2026-08-01 04:17:00,26.48,83.83,0,89,0,0,12.89
2026-08-01 04:18:00,26.48,83.74,0,89,0.06,0,12.89
2026-08-01 04:19:00,26.48,83.74,0,89,0,0,12.89
2026-08-01 04:20:00,26.5,83.73,0,89,0,0,12.89
2026-08-01 04:21:00,26.5,83.68,0,89,0.045,0,12.89
2026-08-01 04:22:00,26.48,83.71,0,89,0,0,12.89
2026-08-01 04:23:00,26.5,83.67,0,89,0,0,12.89
2026-08-01 04:24:00,26.51,83.68,0,89,0.015,0,12.89
2026-08-01 04:25:00,26.54,83.62,0,89,0,0,12.89
2026-08-01 04:26:00,26.54,83.58,0,89,0,0,12.89
2026-08-01 04:27:00,26.51,83.53,0,89,0.06,0,12.89
2026-08-01 04:28:00,26.51,83.59,0,89,0.15,0,12.89
2026-08-01 04:29:00,26.51,83.59,0,89,0.075,0,12.89
2026-08-01 04:30:00,26.51,83.6,0,89,0.03,0,12.89
2026-08-01 04:31:00,26.48,83.55,0,89,0,0,12.89
2026-08-01 04:32:00,26.51,83.62,0,89,0.045,0,12.89
2026-08-01 04:33:00,26.5,83.64,0,89,0.03,0,12.89
2026-08-01 04:34:00,26.5,83.68,0,89,0.135,0,12.89
2026-08-01 04:35:00,26.51,83.69,0,89,0.075,0,12.89
2026-08-01 04:36:00,26.52,83.67,0,89,0.03,0,12.89
2026-08-01 04:37:00,26.52,83.63,0,89,0.045,0,12.89
2026-08-01 04:38:00,26.55,83.63,0,89,0.045,0,12.89
2026-08-01 04:39:00,26.54,83.58,0,89,0.015,0,12.89
2026-08-01 04:40:00,26.55,83.56,0,89,0.015,0,12.89
2026-08-01 04:41:00,26.55,83.56,0,89,0,0,12.89
2026-08-01 04:42:00,26.55,83.5,0,89,0,0,12.89
2026-08-01 04:43:00,26.57,83.49,0,89,0.015,0,12.89
2026-08-01 04:44:00,26.57,83.41,0,89,0.015,0,12.89
2026-08-01 04:45:00,26.57,83.41,0,89,0,0,12.89
2026-08-01 04:46:00,26.58,83.43,0,89,0.03,0,12.89
2026-08-01 04:47:00,26.6,83.39,0,89,0.06,0,12.89
2026-08-01 04:48:00,26.58,83.31,0,89,0,0,12.89
2026-08-01 04:49:00,26.57,83.33,0,89,0.015,0,12.89
2026-08-01 04:50:00,26.54,83.32,0,89,0,0,12.89
2026-08-01 04:51:00,26.51,83.32,0,89,0.03,0,12.89
2026-08-01 04:52:00,26.51,83.34,0,89,0,0,12.89
2026-08-01 04:53:00,26.51,83.32,0,89,0.045,0,12.89
2026-08-01 04:54:00,26.5,83.35,0,89,0,0,12.89
2026-08-01 04:55:00,26.48,83.38,0,89,0,0,12.89
2026-08-01 04:56:00,26.46,83.42,0,89,0,0,12.89
2026-08-01 04:57:00,26.46,83.47,0,89,0,0,12.89
2026-08-01 04:58:00,26.48,83.5,0,89,0,0,12.89
2026-08-01 04:59:00,26.47,83.56,0,89,0.03,0,12.89
2026-08-01 05:00:00,26.47,83.55,0,89,0,0,12.89
2026-08-01 05:01:00,26.47,83.57,0,89,0,0,12.89
2026-08-01 05:02:00,26.46,83.53,0,89,0,0,12.89
2026-08-01 05:03:00,26.48,83.53,0,89,0,0,12.89
2026-08-01 05:04:00,26.47,83.53,0,89,0.015,0,12.89
2026-08-01 05:05:00,26.5,83.51,0,89,0,0,12.89
2026-08-01 05:06:00,26.51,83.53,0,89,0,0,12.89
2026-08-01 05:07:00,26.5,83.52,0,89,0,0,12.89
2026-08-01 05:08:00,26.48,83.5,0,89,0,0,12.89
2026-08-01 05:09:00,26.52,83.52,0,89,0,0,12.89
2026-08-01 05:10:00,26.5,83.56,0,89,0,0,12.89
2026-08-01 05:11:00,26.51,83.57,0,89,0,0,12.89
2026-08-01 05:12:00,26.52,83.57,0,89,0.015,0,12.89
2026-08-01 05:13:00,26.51,83.57,0,89,0,0,12.89
2026-08-01 05:14:00,26.51,83.54,0,89,0,0,12.89
2026-08-01 05:15:00,26.5,83.52,0,89,0,0,12.89
2026-08-01 05:16:00,26.51,83.53,0,89,0,0,12.89
2026-08-01 05:17:00,26.48,83.5,0,89,0,0,12.89
2026-08-01 05:18:00,26.52,83.57,0,89,0,0,12.89
2026-08-01 05:19:00,26.5,83.52,0,89,0.015,0,12.89
2026-08-01 05:20:00,26.52,83.55,0,89,0,0,12.89
2026-08-01 05:21:00,26.5,83.48,0,89,0,0,12.89
2026-08-01 05:22:00,26.52,83.44,0,89,0,0,12.89
2026-08-01 05:23:00,26.54,83.4,0,89,0,0,12.89
2026-08-01 05:24:00,26.51,83.41,0,89,0.03,0,12.89
2026-08-01 05:25:00,26.54,83.47,0,89,0,0,12.89
2026-08-01 05:26:00,26.51,83.42,0,89,0.045,0,12.89
2026-08-01 05:27:00,26.5,83.46,0,89,0.015,0,12.89
2026-08-01 05:28:00,26.48,83.45,0.76,89,0,0,12.89
2026-08-01 05:29:00,26.5,83.49,0.76,89,0.015,0,12.89
2026-08-01 05:30:00,26.47,83.49,0.76,89,0,0,12.89
2026-08-01 05:31:00,26.46,83.5,0,89,0.09,0,12.89
2026-08-01 05:32:00,26.47,83.55,0.76,89,0.06,0,12.89
2026-08-01 05:33:00,26.46,83.52,1.14,89,0.015,0,12.89
2026-08-01 05:34:00,26.43,83.58,1.53,89,0,0,12.89
2026-08-01 05:35:00,26.47,83.62,1.53,89,0,0,12.89
2026-08-01 05:36:00,26.43,83.65,1.91,89,0,0,12.89
2026-08-01 05:37:00,26.41,83.66,1.91,89,0.015,0,12.89
2026-08-01 05:38:00,26.41,83.65,1.91,89,0,0,12.89
2026-08-01 05:39:00,26.43,83.66,2.67,89,0,0,12.89
2026-08-01 05:40:00,26.43,83.7,2.67,89,0,0,12.89
2026-08-01 05:41:00,26.4,83.72,3.05,89,0,0,12.89
2026-08-01 05:42:00,26.41,83.76,3.43,89,0,0,12.89
2026-08-01 05:43:00,26.38,83.76,4.2,89,0,0,12.89
2026-08-01 05:44:00,26.41,83.79,4.58,89,0.03,0,12.89
2026-08-01 05:45:00,26.43,83.76,4.96,89,0.015,0,12.89
2026-08-01 05:46:00,26.4,83.74,5.34,89,0.015,0,12.89
2026-08-01 05:47:00,26.41,83.74,5.34,89,0.015,0,12.89
2026-08-01 05:48:00,26.44,83.72,5.72,89,0,0,12.89
2026-08-01 05:49:00,26.44,83.69,6.1,89,0.015,0,12.89
2026-08-01 05:50:00,26.47,83.67,7.25,89,0,0,12.89
2026-08-01 05:51:00,26.47,83.62,8.01,89,0.015,0,12.89
2026-08-01 05:52:00,26.47,83.57,8.39,89,0.015,0,12.89
2026-08-01 05:53:00,26.48,83.56,8.77,89,0.015,0,12.89
2026-08-01 05:54:00,26.5,83.5,9.92,89,0,0,12.89
2026-08-01 05:55:00,26.48,83.41,9.92,89,0,0,12.89
2026-08-01 05:56:00,26.48,83.36,10.68,89,0,0,12.89
2026-08-01 05:57:00,26.5,83.33,11.83,89,0.105,0,12.89
2026-08-01 05:58:00,26.44,83.36,12.21,89,0.015,0,12.89
2026-08-01 05:59:00,26.44,83.4,13.35,89,0.015,0,12.89
2026-08-01 06:00:00,26.41,83.4,14.11,89,0.015,0,12.89
2026-08-01 06:01:00,26.38,83.56,14.5,89,0.06,0,12.89
2026-08-01 06:02:00,26.38,83.64,15.26,89,0,0,12.89
2026-08-01 06:03:00,26.37,83.68,16.02,89,0,0,12.89
2026-08-01 06:04:00,26.36,83.7,16.78,89,0.015,0,12.89
2026-08-01 06:05:00,26.36,83.76,17.55,89,0,0,12.89
2026-08-01 06:06:00,26.36,83.71,18.69,89,0.015,0,12.89
2026-08-01 06:07:00,26.36,83.66,19.84,89,0.075,0,12.89
2026-08-01 06:08:00,26.36,83.72,20.6,89,0,0,12.89
2026-08-01 06:09:00,26.34,83.7,21.36,89,0,0,12.89
2026-08-01 06:10:00,26.36,83.7,22.51,89,0,0,12.89
2026-08-01 06:11:00,26.36,83.73,22.89,89,0,0,12.89
2026-08-01 06:12:00,26.36,83.77,24.03,89,0,0,12.89
2026-08-01 06:13:00,26.36,83.73,25.18,89,0,0,12.89
2026-08-01 06:14:00,26.34,83.74,25.56,89,0,0,12.89
2026-08-01 06:15:00,26.41,83.74,26.7,89,0,0,12.89
2026-08-01 06:16:00,26.41,83.72,27.08,89,0,0,12.89
2026-08-01 06:17:00,26.44,83.69,28.23,89,0,0,12.89
2026-08-01 06:18:00,26.44,83.61,29.37,89,0.06,0,12.89
2026-08-01 06:19:00,26.46,83.58,30.9,89,0.105,0,12.93
2026-08-01 06:20:00,26.47,83.49,33.19,89,0.18,0,12.93
2026-08-01 06:21:00,26.47,83.46,35.86,89,0.015,0,12.93
2026-08-01 06:22:00,26.54,83.44,39.29,89,0.03,0,12.93
2026-08-01 06:23:00,26.55,83.32,41.2,89,0,0,12.93
2026-08-01 06:24:00,26.57,83.3,41.58,89,0,0,13.01
2026-08-01 06:25:00,26.61,83.2,41.58,89,0.015,0,13.04
2026-08-01 06:26:00,26.65,83.16,41.2,89,0.03,0,13.04
2026-08-01 06:27:00,26.67,83.07,41.2,89,0.045,0,13.04
2026-08-01 06:28:00,26.73,83.08,42.34,89,0,0,13.04
2026-08-01 06:29:00,26.74,83,45.78,89,0,0,13.04
2026-08-01 06:30:00,26.79,82.91,52.64,89,0,0,13.04
2026-08-01 06:31:00,26.81,82.81,60.27,89,0,0,13.04
2026-08-01 06:32:00,26.84,82.7,62.18,89,0,0,13.08
2026-08-01 06:33:00,26.89,82.64,57.6,89,0,0,13.12
2026-08-01 06:34:00,26.94,82.49,53.03,89,0,0,13.12
2026-08-01 06:35:00,26.95,82.37,54.17,89,0,0,13.12
2026-08-01 06:36:00,26.98,82.33,58.37,89,0,0,13.16
2026-08-01 06:37:00,27.01,82.28,57.98,89,0,0,13.16
2026-08-01 06:38:00,27.03,82.19,53.03,89,0,0,13.16
2026-08-01 06:39:00,27.05,82.12,51.12,89,0,0,13.16
2026-08-01 06:40:00,27.09,82.03,54.93,89,0.015,0,13.16
2026-08-01 06:41:00,27.09,81.97,60.27,89,0.15,0,13.16
2026-08-01 06:42:00,27.14,81.89,59.13,89,0.03,0,13.16
2026-08-01 06:43:00,27.16,81.79,53.41,89,0.045,0,13.16
2026-08-01 06:44:00,27.18,81.74,49.21,89,0,0,13.16
2026-08-01 06:45:00,27.21,81.7,50.35,89,0,0,13.16
2026-08-01 06:46:00,27.24,81.65,51.5,89,0,0,13.16
2026-08-01 06:47:00,27.26,81.54,50.35,89,0,0,13.16
2026-08-01 06:48:00,27.28,81.43,53.03,89,0.03,0,13.16
2026-08-01 06:49:00,27.3,81.32,60.65,89,0.03,0,13.16
2026-08-01 06:50:00,27.33,81.26,68.28,89,0.06,0,13.16
2026-08-01 06:51:00,27.36,81.21,72.48,130,0.12,0,13.16
2026-08-01 06:52:00,27.45,81.1,77.06,130,0,0,13.16
2026-08-01 06:53:00,27.45,81.02,77.06,130,0,0,13.16
2026-08-01 06:54:00,27.5,80.85,68.28,130,0,0,13.16
2026-08-01 06:55:00,27.57,80.74,65.23,130,0,0,13.16
2026-08-01 06:56:00,27.62,80.72,70.57,130,0,0,13.16
2026-08-01 06:57:00,27.66,80.52,79.73,259,0.18,0,13.16
2026-08-01 06:58:00,27.69,80.45,82.78,259,0.015,0,13.16
2026-08-01 06:59:00,27.7,80.3,75.15,259,0,0,13.16
2026-08-01 07:00:00,27.73,80.13,65.61,258,0.075,0,13.16
2026-08-01 07:01:00,27.73,80.06,63.71,258,0,0,13.16
2026-08-01 07:02:00,27.74,80,71.72,258,0.06,0,13.16
2026-08-01 07:03:00,27.72,80,84.69,258,0.015,0,13.16
2026-08-01 07:04:00,27.74,80.03,94.22,258,0,0,13.16
2026-08-01 07:05:00,27.79,80.03,96.51,258,0.015,0,13.16
2026-08-01 07:06:00,27.83,79.89,97.66,258,0.045,0,13.16
2026-08-01 07:07:00,27.86,79.73,91.55,328,0.09,0,13.46
2026-08-01 07:08:00,27.88,79.6,80.87,141,0.12,0,13.16
2026-08-01 07:09:00,27.91,79.46,77.44,141,0.06,0,13.46
2026-08-01 07:10:00,27.94,79.38,80.49,141,0,0,13.16
2026-08-01 07:11:00,27.98,79.3,96.13,141,0.03,0,13.46
2026-08-01 07:12:00,28.04,79.16,110.25,36,0.15,0,13.46
2026-08-01 07:13:00,28.07,78.96,111.39,36,0.03,0,13.46
2026-08-01 07:14:00,28.1,78.87,109.1,35,0.21,0,13.46
2026-08-01 07:15:00,28.14,78.78,108.72,35,0.015,0,13.53
2026-08-01 07:16:00,28.17,78.75,109.1,35,0.015,0,13.53
2026-08-01 07:17:00,28.2,78.61,107.58,55,0.03,0,13.53
2026-08-01 07:18:00,28.24,78.46,111.39,152,0.06,0,13.53
2026-08-01 07:19:00,28.25,78.47,119.4,152,0.015,0,13.53
2026-08-01 07:20:00,28.3,78.36,130.46,120,0.15,0,13.61
2026-08-01 07:21:00,28.35,78.27,141.91,120,0.015,0,13.64
2026-08-01 07:22:00,28.36,78.04,153.35,79,0.36,0,13.79
2026-08-01 07:23:00,28.39,78.12,164.8,79,0.105,0,13.79
2026-08-01 07:24:00,28.45,77.98,159.08,223,0.12,0,13.79
2026-08-01 07:25:00,28.49,77.76,132.37,91,0.24,0,13.79
2026-08-01 07:26:00,28.54,77.5,181.2,0,0.21,0,13.79
2026-08-01 07:27:00,28.54,77.42,127.41,0,0.24,0,13.79
2026-08-01 07:28:00,28.56,77.53,131.23,0,0.045,0,13.79
2026-08-01 07:29:00,28.62,77.51,183.87,0,0.015,0,13.79
2026-08-01 07:30:00,28.69,77.39,207.52,0,0.03,0,13.79
2026-08-01 07:31:00,28.72,77.12,206.76,328,0.195,0,13.79
2026-08-01 07:32:00,28.82,76.86,222.78,350,0.315,0,13.83
2026-08-01 07:33:00,28.87,76.62,189.97,350,0.135,0,13.79
2026-08-01 07:34:00,28.92,76.53,223.16,350,0,0,13.83
2026-08-01 07:35:00,28.99,76.26,224.31,33,0.33,0,14.09
2026-08-01 07:36:00,29.03,76.17,265.89,33,0.18,0,14.09
2026-08-01 07:37:00,29.12,76.19,267.03,134,0.06,0,14.09
2026-08-01 07:38:00,29.24,75.85,249.49,134,0.09,0,14.09
2026-08-01 07:39:00,29.33,75.45,254.06,9,0.12,0,14.09
2026-08-01 07:40:00,29.38,75.23,180.44,9,0.24,0,13.91
2026-08-01 07:41:00,29.37,75.12,218.2,168,0.285,0,14.09
2026-08-01 07:42:00,29.41,75.13,242.62,198,0.24,0,14.09
2026-08-01 07:43:00,29.47,75.07,260.55,279,0.135,0,14.09
2026-08-01 07:44:00,29.53,74.91,252.16,279,0.27,0,14.09
2026-08-01 07:45:00,29.6,74.7,253.3,154,0.135,0,14.09
2026-08-01 07:46:00,29.65,74.51,240.71,154,0.045,0,14.09
2026-08-01 07:47:00,29.78,74.06,233.08,89,0.27,0,14.09
2026-08-01 07:48:00,29.84,74.03,244.91,359,0.21,0,14.09
2026-08-01 07:49:00,29.89,73.94,244.53,69,0.375,0,14.09
2026-08-01 07:50:00,29.96,73.76,260.93,69,0.12,0,14.09
2026-08-01 07:51:00,30.05,73.52,262.84,69,0,0,14.09
2026-08-01 07:52:00,30.21,73.21,291.83,69,0,0,14.09
2026-08-01 07:53:00,30.31,72.72,275.04,216,0.21,0,14.09
2026-08-01 07:54:00,30.4,72.63,289.16,234,0.21,0,14.09
2026-08-01 07:55:00,30.5,72.52,309,263,0.015,0,14.09
2026-08-01 07:56:00,30.56,72.06,324.64,48,0.21,0,14.09
2026-08-01 07:57:00,30.66,72.02,341.42,48,0.015,0,14.09
2026-08-01 07:58:00,30.82,71.6,329.98,196,0.18,0,14.09
2026-08-01 07:59:00,30.94,71.31,322.73,273,0.135,0,14.09
2026-08-01 08:00:00,31.05,70.99,303.65,237,0.12,0,14.09
2026-08-01 08:01:00,31.14,70.64,225.07,246,0.06,0,14.09
2026-08-01 08:02:00,31.07,70.68,239.95,246,0.135,0,14.09
2026-08-01 08:03:00,31.04,70.88,234.99,246,0.015,0,14.09
2026-08-01 08:04:00,31.1,71.18,281.91,246,0,0,14.09
2026-08-01 08:05:00,31.18,70.8,290.3,33,0.12,0,14.09
2026-08-01 08:06:00,31.14,70.78,290.3,50,0.3,0,14.09
2026-08-01 08:07:00,31.16,70.79,358.97,257,0.21,0,14.09
2026-08-01 08:08:00,31.14,70.9,371.56,257,0.3,0,14.09
2026-08-01 08:09:00,31.21,70.94,280.38,320,0.225,0,14.09
2026-08-01 08:10:00,31.25,71,268.56,320,0.06,0,14.09
2026-08-01 08:11:00,31.3,70.7,263.98,347,0.24,0,14.09
2026-08-01 08:12:00,31.24,70.96,288.01,323,0.315,0,14.09
2026-08-01 08:13:00,31.2,71.26,299.08,323,0.045,0,14.09
2026-08-01 08:14:00,31.2,71.16,337.61,315,0.3,0,14.09
2026-08-01 08:15:00,31.24,71.11,403.22,359,0.15,0,14.09
2026-08-01 08:16:00,31.27,70.8,424.96,359,0.27,0,14.09
2026-08-01 08:17:00,31.35,70.64,293.35,155,0.375,0,14.09
2026-08-01 08:18:00,31.4,71.06,422.67,247,0.315,0,14.09
2026-08-01 08:19:00,31.46,71.47,377.66,359,0.225,0,14.09
2026-08-01 08:20:00,31.46,71.39,310.9,243,0.375,0,14.09
2026-08-01 08:21:00,31.44,71.62,331.12,245,0.345,0,14.09
2026-08-01 08:22:00,31.42,72.02,284.96,259,0.45,0,14.09
2026-08-01 08:23:00,31.35,72.27,252.92,120,0.345,0,14.09
2026-08-01 08:24:00,31.31,72.27,245.67,263,0.435,0,14.09
2026-08-01 08:25:00,31.18,72.72,252.92,78,0.465,0,14.09
2026-08-01 08:26:00,31.13,73.01,229.27,149,0.165,0,14.09
2026-08-01 08:27:00,31.01,73.02,220.11,190,0.27,0,14.09
2026-08-01 08:28:00,30.94,73.06,209.81,225,0.12,0,14.09
2026-08-01 08:29:00,30.9,73.41,201.42,225,0.015,0,14.09
2026-08-01 08:30:00,30.87,73.51,191.5,255,0.42,0,14.09
2026-08-01 08:31:00,30.82,73.8,186.54,315,0.18,0,14.09
2026-08-01 08:32:00,30.74,74.07,188.45,263,0.24,0,14.09
2026-08-01 08:33:00,30.67,74.18,198.37,298,0.165,0,14.09
2026-08-01 08:34:00,30.63,74.54,212.86,232,0.15,0,14.09
2026-08-01 08:35:00,30.61,74.73,218.2,260,0.075,0,14.09
2026-08-01 08:36:00,30.58,74.79,211.34,273,0.285,0,14.09
2026-08-01 08:37:00,30.56,74.93,196.08,293,0.075,0,14.09
2026-08-01 08:38:00,30.52,74.96,183.87,306,0.24,0,14.09
2026-08-01 08:39:00,30.45,74.83,178.91,300,0.09,0,14.09
2026-08-01 08:40:00,30.45,74.8,184.25,260,0.135,0,14.09
2026-08-01 08:41:00,30.46,74.9,197.6,256,0.18,0,14.09
2026-08-01 08:42:00,30.42,74.95,209.05,256,0.03,0,14.09
2026-08-01 08:43:00,30.46,75.1,215.92,256,0,0,14.09
2026-08-01 08:44:00,30.47,74.81,205.62,256,0.06,0,14.09
2026-08-01 08:45:00,30.54,74.85,261.31,256,0.03,0,14.09
2026-08-01 08:46:00,30.62,74.75,339.51,212,0.03,0,14.09
2026-08-01 08:47:00,30.69,74.36,254.83,176,0.15,0,14.09
2026-08-01 08:48:00,30.77,74.27,269.7,176,0.045,0,14.09
2026-08-01 08:49:00,30.87,74.19,302.51,64,0.045,0,14.09
2026-08-01 08:50:00,30.98,73.62,204.09,207,0.09,0,14.09
2026-08-01 08:51:00,31.04,73.26,175.86,288,0.255,0,14.09
2026-08-01 08:52:00,31.07,73.04,184.63,220,0.165,0,14.09
2026-08-01 08:53:00,31.05,73.04,288.01,219,0.075,0,14.09
2026-08-01 08:54:00,31.13,73,323.49,219,0.015,0,14.09
2026-08-01 08:55:00,31.24,73,521.1,219,0,0,14.09
2026-08-01 08:56:00,31.41,72.59,502.02,219,0,0,14.09
2026-08-01 08:57:00,31.61,71.74,381.86,219,0.03,0,14.09
2026-08-01 08:58:00,31.62,71.13,220.87,265,0.285,0,14.09
2026-08-01 08:59:00,31.6,71.51,409.7,265,0.165,0,14.09
2026-08-01 09:00:00,31.64,71.25,427.25,254,0.375,0,14.09
2026-08-01 09:01:00,31.67,71.24,475.7,119,0.225,0,14.09
2026-08-01 09:02:00,31.83,70.95,477.99,288,0.165,0,14.09
2026-08-01 09:03:00,31.91,70.54,495.16,292,0.315,0,14.09
2026-08-01 09:04:00,31.96,70.36,500.11,261,0.18,0,14.09
2026-08-01 09:05:00,32.09,70,521.48,334,0.18,0,14.09
2026-08-01 09:06:00,32.25,69.6,505.07,225,0.195,0,14.09
2026-08-01 09:07:00,32.36,69.04,516.52,112,0.24,0,14.09
2026-08-01 09:08:00,32.46,68.84,526.44,205,0.225,0,14.09
2026-08-01 09:09:00,32.6,68.41,477.61,260,0.27,0,14.09
2026-08-01 09:10:00,32.67,68.09,497.44,261,0.285,0,14.09
2026-08-01 09:11:00,32.67,67.9,564.97,261,0.285,0,14.09
2026-08-01 09:12:00,32.8,67.82,481.8,261,0.075,0,14.09
2026-08-01 09:13:00,32.84,67.5,298.7,271,0.36,0,14.09
2026-08-01 09:14:00,32.83,67.67,225.83,359,0.645,0,14.09
2026-08-01 09:15:00,32.69,68.23,533.3,106,0.465,0,14.09
2026-08-01 09:16:00,32.7,68.09,513.85,34,0.39,0,14.09
2026-08-01 09:17:00,32.69,67.99,535.97,152,0.585,0,14.09
2026-08-01 09:18:00,32.71,67.81,557.34,139,0.45,0,14.09
2026-08-01 09:19:00,32.8,67.87,564.2,195,0.105,0,14.09
2026-08-01 09:20:00,32.93,67.03,579.84,248,0.36,0,14.09
2026-08-01 09:21:00,32.97,67.16,564.2,121,0.405,0,14.09
2026-08-01 09:22:00,33.04,67.14,582.13,300,0.435,0,14.09
2026-08-01 09:23:00,33.1,67.19,562.29,189,0.285,0,14.09
2026-08-01 09:24:00,33.16,66.89,206.38,224,0.27,0,14.09
2026-08-01 09:25:00,33.1,66.73,204.09,200,0.51,0,14.09
2026-08-01 09:26:00,32.91,67.34,483.71,251,0.36,0,14.09
2026-08-01 09:27:00,32.84,67.8,554.67,152,0.525,0,14.09
2026-08-01 09:28:00,32.93,67.81,590.14,208,0.165,0,14.09
2026-08-01 09:29:00,33.07,67.22,664.53,208,0.12,0,14.09
2026-08-01 09:30:00,33.16,66.99,687.04,208,0.105,0,14.09
2026-08-01 09:31:00,33.29,66.56,511.94,112,0.27,0,14.09
2026-08-01 09:32:00,33.44,66.45,328.83,112,0.225,0,14.09
2026-08-01 09:33:00,33.42,65.85,523,122,0.21,0,14.09
2026-08-01 09:34:00,33.45,66.23,595.86,122,0.135,0,14.09
2026-08-01 09:35:00,33.55,66.01,541.31,122,0.03,0,14.09
2026-08-01 09:36:00,33.66,66.02,506.6,122,0.015,0,14.09
2026-08-01 09:37:00,33.79,65.03,389.87,122,0.06,0,14.09
2026-08-01 09:38:00,33.75,65.06,606.93,206,0.405,0,14.09
2026-08-01 09:39:00,33.79,65.25,405.13,328,0.3,0,14.09
2026-08-01 09:40:00,33.79,64.93,649.27,341,0.09,0,14.09
2026-08-01 09:41:00,33.86,65.1,656.9,348,0.06,0,14.09
2026-08-01 09:42:00,33.99,64.45,651.56,107,0.18,0,14.09
2026-08-01 09:43:00,34.15,63.81,669.49,126,0.105,0,14.09
2026-08-01 09:44:00,34.19,63.73,668.73,143,0.225,0,14.09
2026-08-01 09:45:00,34.27,63.61,596.25,244,0.345,0,14.09
2026-08-01 09:46:00,34.3,63.4,228.89,154,0.18,0,14.09
2026-08-01 09:47:00,34.29,63.44,203.33,177,0.255,0,14.09
2026-08-01 09:48:00,34.22,63.49,394.83,22,0.6,0,14.09
2026-08-01 09:49:00,34.08,63.74,357.82,60,0.225,0,14.09
2026-08-01 09:50:00,33.93,64.24,656.52,197,0.375,0,14.09
2026-08-01 09:51:00,33.91,63.9,705.35,222,0.315,0,14.09
2026-08-01 09:52:00,33.95,63.74,719.08,179,0.225,0,14.09
2026-08-01 09:53:00,34.03,63.73,702.68,134,0.225,0,14.09
2026-08-01 09:54:00,34.12,63.91,545.89,114,0.3,0,14.09
2026-08-01 09:55:00,34.15,64.05,375.37,160,0.435,0,14.09
2026-08-01 09:56:00,34.18,63.66,624.48,136,0.405,0,14.09
2026-08-01 09:57:00,34.22,63.49,564.2,144,0.225,0,14.09
2026-08-01 09:58:00,34.16,63.52,211.72,186,0.645,0,14.09
2026-08-01 09:59:00,34.02,63.75,212.86,204,0.39,0,14.09
2026-08-01 10:00:00,33.85,63.72,222.78,229,1.11,0,14.09
